book,ts_code,position,value,wavg_cost,return,pct_return
yz,cash,19981582.07865206,19981582.07865206,0.0,19981582.07865206,0.0
jx,cash,30005705.46475375,30005705.46475375,0.0,30005705.46475375,0.0
jx,601800.SH,96.0,1026.2438709677422,10.74212365591398,-5.0,-0.4848513664675542
yz,600406.SH,932.0,15978.988577132082,17.15020233597863,-5.0,-0.03128130363627376
yz,600038.SH,61.0,2428.932770805812,39.90053722632479,-5.0,-0.20542884585693094
jx,600522.SH,-765.0,-6748.457081799835,8.806155064990895,-11.748457081800552,-0.1743946151788966
yz,cash,19963409.931039352,19963409.931039352,0.0,19963409.931039352,0.0
jx,cash,30011558.29350504,30011558.29350504,0.0,30011558.29350504,0.0
jx,601800.SH,192.0,2044.9625806451616,10.722526881720432,-13.762580645161279,-0.6685001429008363
yz,600406.SH,1864.0,31537.958025950982,17.037536260787327,-220.00956415659675,-0.6927696601879789
yz,600038.SH,122.0,4786.337199471598,39.60738828312797,-45.76417107001362,-0.9470863204362803
jx,600522.SH,-1530.0,-13784.404487712214,8.900012200215873,-167.38582138192942,-1.2292398614082167
yz,cash,19945246.837747756,19945246.837747756,0.0,19945246.837747756,0.0
jx,cash,30017426.27100297,30017426.27100297,0.0,30017426.27100297,0.0
jx,601800.SH,288.0,3090.0193548387097,10.742123655913979,-3.7122580645163907,-0.11999289301739804
yz,600406.SH,2796.0,47334.329590772984,17.003246585729105,-206.74786292559293,-0.43488257733945923
yz,600038.SH,183.0,7124.950284015852,39.41029944561145,-87.13451453104335,-1.208173738453538
jx,600522.SH,-2295.0,-20744.696545173927,8.941177610402267,-224.69392930072354,-1.0949995158719523
yz,cash,19927158.456719257,19927158.456719257,0.0,19927158.456719257,0.0
jx,cash,30023116.58701008,30023116.58701008,0.0,30023116.58701008,0.0
jx,601800.SH,384.0,4074.8748387096775,10.722526881720432,-42.57548387096813,-1.0340254413630325
yz,600406.SH,3728.0,62966.345844515905,16.97630469818336,-321.31807031165954,-0.5077104295460942
yz,600038.SH,244.0,9347.178269484808,39.15524330294302,-206.70109643328942,-2.1635305253137465
jx,600522.SH,-3060.0,-26903.041909058535,8.900012200215874,330.99542360204214,1.2153740540154654
yz,cash,19908840.66861009,19908840.66861009,0.0,19908840.66861009,0.0
jx,cash,30028918.42407454,30028918.42407454,0.0,30028918.42407454,0.0
jx,601800.SH,480.0,5140.625806451613,10.73036559139785,-9.949677419354884,-0.1931760334454336
yz,600406.SH,4660.0,79757.98012642785,17.00520599573243,513.7201863147202,0.6482743187998113
yz,600038.SH,305.0,11780.960419418756,39.06580803213721,-134.11103038309375,-1.1255579200519528
jx,600522.SH,-3825.0,-34234.045173928534,8.906927989127189,-165.04561551703955,-0.48444514854059006
yz,cash,19890028.26390376,19890028.26390376,0.0,19890028.26390376,0.0
jx,cash,30034840.477658942,30034840.477658942,0.0,30034840.477658942,0.0
jx,601800.SH,576.0,6490.451612903225,10.828676075268818,253.13419354838607,4.058382418744517
yz,600406.SH,5592.0,98284.47602528556,17.101217085895456,2654.47008095817,2.775771113622553
yz,600038.SH,366.0,14529.95221268164,39.1850550598783,188.22206076618022,1.3124083271155507
jx,600522.SH,-4590.0,-42124.898017333486,8.949410692439548,-1047.1029390359618,-2.5490728921552406
yz,cash,19871230.407334816,19871230.407334816,0.0,19871230.407334816,0.0
jx,cash,30041006.201935556,30041006.201935556,0.0,30041006.201935556,0.0
jx,601800.SH,672.0,7453.672258064517,10.873701996927805,146.54451612903267,2.005500947903458
yz,600406.SH,6524.0,114665.22202949983,17.169796436011904,2649.47008095817,2.3652656299404184
yz,600038.SH,427.0,16849.77395310436,39.236160928910195,95.93323645970668,0.5726044438538721
jx,600522.SH,-5355.0,-50734.47667101983,9.022097045282953,-2421.146993529619,-5.011343680288014
yz,cash,19852585.31227202,19852585.31227202,0.0,19852585.31227202,0.0
jx,cash,30047062.28644514,30047062.28644514,0.0,30047062.28644514,0.0
jx,601800.SH,768.0,8428.18064516129,10.892773857526883,62.53032258064377,0.7474651720962003
yz,600406.SH,7456.0,129877.21915492958,17.20163684856597,1621.814812021723,1.264519667089884
yz,600038.SH,488.0,19203.54134742404,39.260826608755444,44.257962351384776,0.2310000925497399
jx,600522.SH,-6120.0,-57013.87059242549,9.056852413026037,-1585.9338247061387,-2.861253579313762
yz,cash,19833976.587552685,19833976.587552685,0.0,19833976.587552685,0.0
jx,cash,30052943.531399388,30052943.531399388,0.0,30052943.531399388,0.0
jx,601800.SH,864.0,9354.71612903226,10.891276881720431,-55.34709677419232,-0.5881692337880017
yz,600406.SH,8388.0,146111.87154929579,17.226401613885795,1616.8148120217375,1.1189412624415842
yz,600038.SH,549.0,21276.650924702775,39.213762677667816,-251.70478533685673,-1.169177937818426
jx,600522.SH,-6885.0,-62438.359076338595,9.056440758924174,-84.76445114566013,-0.13594156304087793
yz,cash,19815530.9675349,19815530.9675349,0.0,19815530.9675349,0.0
jx,cash,30058797.3992199,30058797.3992199,0.0,30058797.3992199,0.0
jx,601800.SH,960.0,10441.161290322581,10.894978494623656,-18.018064516129016,-0.1722703465047031
yz,600406.SH,9320.0,160794.27933902628,17.229558441113376,214.79466784960823,0.13376221021598717
yz,600038.SH,610.0,23561.920838837512,39.16319310479243,-327.62695508586694,-1.3714238457422923
jx,600522.SH,-7650.0,-69148.9884839131,9.05314752610926,107.5900908227486,0.15534999423433324
yz,cash,19797098.153666824,19797098.153666824,0.0,19797098.153666824,0.0
jx,cash,30064672.967495162,30064672.967495162,0.0,30064672.967495162,0.0
jx,601800.SH,1056.0,11412.847741935484,10.891771749755621,-88.86322580645174,-0.7726087540860692
yz,600406.SH,10252.0,176672.82855938782,17.23036001793292,27.17765553953359,0.015385408811636648
yz,600038.SH,671.0,25978.123989431966,39.12994847887673,-278.0714398943164,-1.0590698132286547
jx,600522.SH,-8415.0,-76230.32909889589,9.052249371705193,-55.650635996687924,-0.07305660768071703
yz,cash,19778255.778660085,19778255.778660085,0.0,19778255.778660085,0.0
jx,cash,30070607.151042603,30070607.151042603,0.0,30070607.151042603,0.0
jx,601800.SH,1152.0,12563.256774193549,10.897264784946238,9.607741935484228,0.07653345979958509
yz,600406.SH,11184.0,197335.9435022735,17.265317673674097,4240.630639902403,2.1961333897964255
yz,600038.SH,732.0,28652.556578599735,39.13785311139744,3.648101056809537,0.012733822161738488
jx,600522.SH,-9180.0,-83977.43678024456,9.058910683535355,-816.636705390003,-0.9819971725319301
yz,cash,19758902.83525027,19758902.83525027,0.0,19758902.83525027,0.0
jx,cash,30076663.301168226,30076663.301168226,0.0,30076663.301168226,0.0
jx,601800.SH,1248.0,13891.447741935484,10.91924834574028,264.2258064516136,1.9389557732496971
yz,600406.SH,12116.0,219953.06047687703,17.334085428598556,9933.281423976936,4.7296885411325595
yz,600038.SH,793.0,31505.203850726546,39.189641484022175,427.81815389696203,1.376622081633484
jx,600522.SH,-9945.0,-92844.24361866318,9.078986737426257,-2553.720514959059,-2.8283372686034354
yz,cash,19739279.188507695,19739279.188507695,0.0,19739279.188507695,0.0
jx,cash,30082734.56723247,30082734.56723247,0.0,30082734.56723247,0.0
jx,601800.SH,1344.0,14960.02064516129,10.938091397849462,259.2258064516136,1.763345514958336
yz,600406.SH,13048.0,240068.32438283245,17.410523950706366,12895.807874015765,5.676658458601559
yz,600038.SH,854.0,34522.730013210035,39.283717779259305,974.4350297225901,2.9045739290244392
jx,600522.SH,-10710.0,-100197.9434880684,9.097606169110565,-2762.581416894245,-2.8352965064944766
yz,cash,19719517.972833496,19719517.972833496,0.0,19719517.972833496,0.0
jx,cash,30088746.277379375,30088746.277379375,0.0,30088746.277379375,0.0
jx,601800.SH,1440.0,15901.606451612903,10.948543010752688,135.70451612903162,0.8607469251321758
yz,600406.SH,13980.0,259270.5032272374,17.486567719883105,14808.286503271607,6.05749497886308
yz,600038.SH,915.0,36997.731885733156,39.36591305195226,977.9214431968358,2.7149544408540085
jx,600522.SH,-11475.0,-106333.5922474178,9.107815190836792,-1821.4129325656104,-1.7427757649933249
yz,cash,19700032.615989186,19700032.615989186,0.0,19700032.615989186,0.0
jx,cash,30094654.965083398,30094654.965083398,0.0,30094654.965083398,0.0
jx,601800.SH,1536.0,16796.160000000003,10.950951780913977,-24.501935483865964,-0.14566570315629573
yz,600406.SH,14912.0,271734.1143174005,17.53289960225344,10283.515448597202,3.933253736304311
yz,600038.SH,976.0,39871.59519154557,39.463919202876966,1354.8100495376566,3.5174536102704157
jx,600522.SH,-12240.0,-111606.77003442956,9.107485867555301,-131.14301555267593,-0.11764277004736529
yz,cash,19680376.312466998,19680376.312466998,0.0,19680376.312466998,0.0
jx,cash,30100596.73940817,30100596.73940817,0.0,30100596.73940817,0.0
jx,601800.SH,1632.0,17925.874838709682,10.955959044908285,45.74967741936052,0.25586888797851676
yz,600406.SH,15844.0,291201.08782965515,17.583001427889982,12616.013206166273,4.528603416107976
yz,600038.SH,1037.0,42786.07204755615,39.5743615327977,1747.4591380449274,4.258085286405797
jx,600522.SH,-13005.0,-119225.26362341209,9.110101081849496,-748.3990539593942,-0.6316837102999742
yz,cash,19660595.890600037,19660595.890600037,0.0,19660595.890600037,0.0
jx,cash,30106599.01029544,30106599.01029544,0.0,30106599.01029544,0.0
jx,601800.SH,1728.0,19115.790967741937,10.964764784946237,168.67741935484082,0.8902539108348764
yz,600406.SH,16776.0,310302.82731728954,17.63406775068911,14473.706731729035,4.892590257199818
yz,600038.SH,1098.0,45564.766287978855,39.68578216247626,1989.7774735799248,4.566329281356975
jx,600522.SH,-13770.0,-127464.13106969015,9.117365566000037,-1918.007225869631,-1.5277311374866767
yz,cash,19641079.465904783,19641079.465904783,0.0,19641079.465904783,0.0
jx,cash,30112454.85783033,30112454.85783033,0.0,30112454.85783033,0.0
jx,601800.SH,1824.0,20231.396129032262,10.974190718732315,214.47225806452116,1.0714546323253427
yz,600406.SH,17708.0,323378.20539869135,17.667383450014686,10524.179265831306,3.363926427899634
yz,600038.SH,1159.0,47243.86381109643,39.74677132213233,1177.3558487450573,2.555774033723744
jx,600522.SH,-14535.0,-131814.3136056037,9.11398566916368,657.4680956903903,0.4963080342445244
yz,cash,19621302.71933692,19621302.71933692,0.0,19621302.71933692,0.0
jx,cash,30118530.89273642,30118530.89273642,0.0,30118530.89273642,0.0
jx,601800.SH,1920.0,21578.4,10.990022849462367,477.55612903225847,2.2632086752194733
yz,600406.SH,18640.0,344598.3022291228,17.708634186926833,14509.360984806612,4.3955913609560975
yz,600038.SH,1220.0,50736.62912813738,39.8429011629166,2128.2897093791325,4.378445622353051
jx,600522.SH,-15300.0,-143442.54066247182,9.126257294600297,-3810.8040550872684,-2.7291818806224963
yz,cash,19601460.882734716,19601460.882734716,0.0,19601460.882734716,0.0
jx,cash,30124584.22092656,30124584.22092656,0.0,30124584.22092656,0.0
jx,601800.SH,2016.0,22499.291612903224,11.000614439324117,322.05290322580186,1.4521776468288115
yz,600406.SH,19572.0,362978.7045181324,17.74875543937591,15600.06305866706,4.490795114266514
yz,600038.SH,1281.0,53489.864128137386,39.937920223116635,2329.3883223249795,4.553101365136903
jx,600522.SH,-16065.0,-149979.16276860973,9.13547834648205,-3217.703132375609,-2.192471470610249
yz,cash,19581522.88824723,19581522.88824723,0.0,19581522.88824723,0.0
jx,cash,30130648.902474675,30130648.902474675,0.0,30130648.902474675,0.0
jx,601800.SH,2112.0,23653.463225806456,11.012024682306942,396.0670967741935,1.7029726568563794
yz,600406.SH,20504.0,382272.19186869246,17.789682509791724,17512.54168792296,4.801118127853233
yz,600038.SH,1342.0,56143.68685601057,40.027914733230034,2426.225284015869,4.51664172694409
jx,600522.SH,-16830.0,-157453.91119553606,9.144759275324073,-3547.612591831916,-2.3050470474679674
yz,cash,19561427.435933467,19561427.435933467,0.0,19561427.435933467,0.0
jx,cash,30136625.77594259,30136625.77594259,0.0,30136625.77594259,0.0
jx,601800.SH,2208.0,25009.8735483871,11.027980949041611,660.091612903223,2.7108727899583376
yz,600406.SH,21436.0,402168.3153598758,17.83216220887571,19918.08625041606,5.2107454053905595
yz,600038.SH,1403.0,59797.08785667106,40.144215935187,3474.7528996037,6.169404912371599
jx,600522.SH,-17595.0,-162870.83414460407,9.148937645812557,-1895.2762665321352,-1.1773689692491567
yz,cash,19541496.22413653,19541496.22413653,0.0,19541496.22413653,0.0
jx,cash,30142572.245370407,30142572.245370407,0.0,30142572.245370407,0.0
jx,601800.SH,2304.0,25920.0,11.039401881720432,485.2180645161243,1.9076950050010069
yz,600406.SH,22368.0,416366.78806698456,17.864978776775637,16762.9427880671,4.194890260970041
yz,600038.SH,1464.0,61742.29505944517,40.23219302222967,2842.3644749009254,4.825751824649488
jx,600522.SH,-18360.0,-169044.31057817882,9.150709548251013,-1037.283272290224,-0.6174046936748981
yz,cash,19522015.6784066,19522015.6784066,0.0,19522015.6784066,0.0
jx,cash,30148327.37368823,30148327.37368823,0.0,30148327.37368823,0.0
jx,601800.SH,2400.0,26304.000000000004,11.038309139784948,-187.94193548387193,-0.7094305730458305
yz,600406.SH,23300.0,424812.8248863258,17.87988662121762,8211.466611955315,1.9710609312385643
yz,600038.SH,1525.0,61950.818361955084,40.251123487883575,567.8550429326351,0.925102035203729
jx,600522.SH,-19125.0,-170602.8107562626,9.140879248298502,4216.50486744626,2.4119216188456583
yz,cash,19502693.54105809,19502693.54105809,0.0,19502693.54105809,0.0
jx,cash,30154122.2118526,30154122.2118526,0.0,30154122.2118526,0.0
jx,601800.SH,2496.0,27306.239999999998,11.036531224152194,-240.9419354838792,-0.8746518465960353
yz,600406.SH,24232.0,436819.8934457137,17.88573470645832,3412.770038815681,0.7874282296028742
yz,600038.SH,1586.0,65295.67761558785,40.28961887453127,1396.3420805812493,2.1852215972046807
jx,600522.SH,-19890.0,-178410.44271637182,9.133705067274018,3258.951071708405,1.793891091809342
yz,cash,19483083.91281001,19483083.91281001,0.0,19483083.91281001,0.0
jx,cash,30159849.150323868,30159849.150323868,0.0,30159849.150323868,0.0
jx,601800.SH,2592.0,28149.12,11.031922043010756,-445.6219354838795,-1.5584051658493792
yz,600406.SH,25164.0,462495.8453765111,17.904212333555222,11954.246214927523,2.6533057629247274
yz,600038.SH,1647.0,66694.11732166447,40.30023559708657,319.62929326288577,0.4815544386965616
jx,600522.SH,-20655.0,-183229.6884126796,9.123403159494039,5214.203846669785,2.766979488777297
yz,cash,19463636.897885334,19463636.897885334,0.0,19463636.897885334,0.0
jx,cash,30165555.334887207,30165555.334887207,0.0,30165555.334887207,0.0
jx,601800.SH,2688.0,29137.92,11.026927803379419,-502.46193548387964,-1.6951938628103815
yz,600406.SH,26096.0,474512.0447865143,17.914372237276176,7018.586882555217,1.501323016160175
yz,600038.SH,1708.0,69724.37310435931,40.321805743969634,854.7288936591794,1.2410821973237114
jx,600522.SH,-21420.0,-189380.4682417191,9.112778563150693,5815.248580968735,2.979188619313404
yz,cash,19444234.286604203,19444234.286604203,0.0,19444234.286604203,0.0
jx,cash,30171313.343205027,30171313.343205027,0.0,30171313.343205027,0.0
jx,601800.SH,2784.0,30429.12,11.025381442343347,-265.54193548387775,-0.8651078680782079
yz,600406.SH,27028.0,490399.7248574914,17.92248014073822,5990.931613618799,1.2367512103775338
yz,600038.SH,1769.0,71986.0022952444,40.33743366416928,629.0821433289384,0.881599348724206
jx,600522.SH,-22185.0,-197899.26047726462,9.105612131643367,4108.744663243473,2.0339514072155738
yz,cash,19424778.408682164,19424778.408682164,0.0,19424778.408682164,0.0
jx,cash,30177073.02746147,30177073.02746147,0.0,30177073.02746147,0.0
jx,601800.SH,2880.0,31881.600000000002,11.02860483870968,119.21806451612792,0.37534358965358794
yz,600406.SH,27960.0,506762.20916047465,17.929394380635017,5456.342277919583,1.0884257772307069
yz,600038.SH,1830.0,76614.1285006605,40.39110624878186,2698.4040653896955,3.6506495552955465
jx,600522.SH,-22950.0,-205177.30499821913,9.099582108799511,3658.104398729658,1.7516686510650261
yz,cash,19405459.837802716,19405459.837802716,0.0,19405459.837802716,0.0
jx,cash,30182838.29071147,30182838.29071147,0.0,30182838.29071147,0.0
jx,601800.SH,2976.0,33003.84,11.032265435310443,171.8180645161192,0.5233246519320314
yz,600406.SH,28892.0,519408.43726294785,17.931122032465908,1342.459500942845,0.2591290604996183
yz,600038.SH,1891.0,79157.26,40.441134021824865,2683.0755647291808,3.5084722832189033
jx,600522.SH,-23715.0,-212249.24999999997,9.094257332782998,3421.0626469488197,1.5862464355718173
yz,cash,19386147.328624498,19386147.328624498,0.0,19386147.328624498,0.0
jx,cash,30188650.36806147,30188650.36806147,0.0,30188650.36806147,0.0
jx,601800.SH,3072.0,34037.76,11.035384744623657,137.05806451612443,0.40429270395922307
yz,600406.SH,29824.0,535579.1737030054,17.932129390431328,771.3467627814971,0.14422877226658676
yz,600038.SH,1952.0,82101.12000000001,40.49428505905267,3056.2755647291924,3.8665084188152865
jx,600522.SH,-24480.0,-220564.8,9.091138480267515,1986.2699969488021,0.8925007626231742
yz,cash,19367152.626665976,19367152.626665976,0.0,19367152.626665976,0.0
jx,cash,30194366.012511473,30194366.012511473,0.0,30194366.012511473,0.0
jx,601800.SH,3168.0,34752.96,11.034981671554256,-205.8619354838811,-0.5888697733115751
yz,600406.SH,30756.0,542673.8446312521,17.92357552668574,-8583.644267494557,-1.5571025229321058
yz,600038.SH,2013.0,83821.32,40.5314875485697,2231.435564729196,2.7349414454674235
jx,600522.SH,-25245.0,-223923.15,9.083970467298426,5401.684446948784,2.3554729517087654
yz,cash,19348104.96960376,19348104.96960376,0.0,19348104.96960376,0.0
jx,cash,30200094.984011475,30200094.984011475,0.0,30200094.984011475,0.0
jx,601800.SH,3264.0,36132.48,11.037543485135993,105.93806451612181,0.2940556013003831
yz,600406.SH,31688.0,560981.2001153377,17.917253722575182,-6780.735845624702,-1.1942920819705893
yz,600038.SH,2074.0,86299.14,40.565619303409264,2166.045564729182,2.574546412762299
jx,600522.SH,-26010.0,-231489.0,9.078105572739284,4632.525946948794,1.9619244490185186
yz,cash,19328920.34978231,19328920.34978231,0.0,19328920.34978231,0.0
jx,cash,30205670.186161473,30205670.186161473,0.0,30205670.186161473,0.0
jx,601800.SH,3360.0,36960.0,11.037958909370202,-127.54193548388139,-0.3438942804722638
yz,600406.SH,32620.0,582274.3437506931,17.91549190013522,-2129.0020317176823,-0.3643035323261765
yz,600038.SH,2135.0,88837.35,40.597800672257996,2161.045564729182,2.493236852689115
jx,600522.SH,-26775.0,-232674.75,9.066581815012093,10082.978096948791,4.153514772111398
yz,cash,19309474.43978231,19309474.43978231,0.0,19309474.43978231,0.0
jx,cash,30211263.440061472,30211263.440061472,0.0,30211263.440061472,0.0
jx,601800.SH,3456.0,38741.76,11.044184587813625,573.0580645161172,1.5013821153382438
yz,600406.SH,33552.0,606955.68,17.920488369766655,5687.4542175892275,0.9459096579048939
yz,600038.SH,2196.0,92737.07999999999,40.645416409504016,3479.7455647291645,3.898554204811781
jx,600522.SH,-27540.0,-240699.6,9.057085766047523,8732.54199694877,3.5009690118667995
yz,cash,19289415.03978231,19289415.03978231,0.0,19289415.03978231,0.0
jx,cash,30216930.237461474,30216930.237461474,0.0,30216930.237461474,0.0
jx,601800.SH,3552.0,39924.48,11.050884553908752,671.7380645161174,1.7113150098410739
yz,600406.SH,34484.0,644505.9600000001,17.94143097617477,25813.654217589297,4.172292749777263
yz,600038.SH,2257.0,97321.83999999998,40.71451237716917,5429.185564729167,5.908182322182765
jx,600522.SH,-28305.0,-250216.19999999998,9.050803017026983,5966.779396948754,2.3291084407693563
yz,cash,19269251.019782312,19269251.019782312,0.0,19269251.019782312,0.0
jx,cash,30222615.199561473,30222615.199561473,0.0,30222615.199561473,0.0
jx,601800.SH,3648.0,40894.08,11.056442416525188,560.1780645161125,1.3888516548985157
yz,600406.SH,35416.0,665112.4800000001,17.963639761192983,28912.21421758947,4.544514639903947
yz,600038.SH,2318.0,100740.28,40.78891908337826,6191.565564729186,6.548545479132882
jx,600522.SH,-29070.0,-257560.19999999998,9.045376728481209,5388.901496948762,2.0494085989532445
yz,cash,19249126.549782313,19249126.549782313,0.0,19249126.549782313,0.0
jx,cash,30228307.80401147,30228307.80401147,0.0,30228307.80401147,0.0
jx,601800.SH,3744.0,41970.240000000005,11.061715260545911,555.1780645161125,1.340522115796821
yz,600406.SH,36348.0,681525.0,17.98394040338975,27844.734217589372,4.259687139898759
yz,600038.SH,2379.0,102939.33000000003,40.85463826619202,5746.145564729217,5.912086941195
jx,600522.SH,-29835.0,-264636.44999999995,9.040484864989065,5086.415946948808,1.8857933787301682
yz,cash,19228845.299782313,19228845.299782313,0.0,19228845.299782313,0.0
jx,cash,30234031.975511473,30234031.975511473,0.0,30234031.975511473,0.0
jx,601800.SH,3840.0,42700.799999999996,11.064474462365597,213.2180645161061,0.5018361949613214
yz,600406.SH,37280.0,705710.4,18.00772601347668,34382.374217589386,5.121546084347941
yz,600038.SH,2440.0,105139.6,40.91257148986509,5312.925564729187,5.322150211639245
jx,600522.SH,-30600.0,-272340.0,9.036586844671529,4179.5574469487765,1.5114871025897105
yz,cash,19208639.389782313,19208639.389782313,0.0,19208639.389782313,0.0
jx,cash,30239764.711711474,30239764.711711474,0.0,30239764.711711474,0.0
jx,601800.SH,3936.0,44043.84,11.068806386047736,477.018064516109,1.094911318577479
yz,600406.SH,38212.0,719914.08,18.028156227949612,31022.174217589432,4.503199116900049
yz,600038.SH,2501.0,108118.23000000001,40.97109333677362,5649.525564729192,5.513415628571728
jx,600522.SH,-31365.0,-279775.8,9.033366288759725,3555.7336469487636,1.25497278794935
yz,cash,19188376.409782313,19188376.409782313,0.0,19188376.409782313,0.0
jx,cash,30245488.958511475,30245488.958511475,0.0,30245488.958511475,0.0
jx,601800.SH,4032.0,44190.72,11.067455837173584,-433.26193548388983,-0.9709172438046606
yz,600406.SH,39144.0,738255.84,18.04808976554288,31781.414217589423,4.498593729333082
yz,600038.SH,2562.0,112369.31999999999,41.04182842906746,7220.155564729168,6.866583870168413
jx,600522.SH,-32130.0,-285314.4,9.029347664081817,4798.540446948726,1.6540249599194305
yz,cash,19168303.419782314,19168303.419782314,0.0,19168303.419782314,0.0
jx,cash,30251175.031211477,30251175.031211477,0.0,30251175.031211477,0.0
jx,601800.SH,4128.0,44912.64000000001,11.064307639409858,-760.8219354838875,-1.6657855639640093
yz,600406.SH,40076.0,749421.2,18.063375231620185,25513.374217589386,3.5243954145701
yz,600038.SH,2623.0,113287.37,41.09369212171972,5498.615564729174,5.101288713778762
jx,600522.SH,-32895.0,-290133.9,9.024121998691253,6714.593146948726,2.2619596534804725
yz,cash,19148624.209782314,19148624.209782314,0.0,19148624.209782314,0.0
jx,cash,30256747.503961477,30256747.503961477,0.0,30256747.503961477,0.0
jx,601800.SH,4224.0,45239.04,11.057438905180847,-1467.5819354838968,-3.1421281922530713
yz,600406.SH,41008.0,748396.0,18.067738631057612,7474.174217589432,1.0087669113670303
yz,600038.SH,2684.0,117049.24000000002,41.15274382834234,6595.275564729178,5.971062784798636
jx,600522.SH,-33660.0,-291159.0,9.01527409081844,12295.12589694868,4.0517247411307356
yz,cash,19129327.629782315,19129327.629782315,0.0,19129327.629782315,0.0
jx,cash,30262214.941461477,30262214.941461477,0.0,30262214.941461477,0.0
jx,601800.SH,4320.0,45835.2,11.048653225806458,-1894.9819354838983,-3.9701963383364314
yz,600406.SH,41940.0,746951.3999999999,18.062130323853378,-10574.345782410703,-1.3959057947910387
yz,600038.SH,2745.0,120944.70000000001,41.219171014670614,7798.075564729181,6.892009022496576
jx,600522.SH,-34425.0,-292612.5,9.003489423295532,17332.62339694868,5.59215876894139
yz,cash,19110316.849782314,19110316.849782314,0.0,19110316.849782314,0.0
jx,cash,30267462.78376148,30267462.78376148,0.0,30267462.78376148,0.0
jx,601800.SH,4416.0,45705.6,11.03459735857878,-3023.1819354838954,-6.2040991286967495
yz,600406.SH,42872.0,751974.88,18.05089629087541,-21903.145782410633,-2.8303098230843275
yz,600038.SH,2806.0,122060.99999999999,41.2705361494194,6255.875564729155,5.402071449977907
jx,600522.SH,-35190.0,-287854.2,8.985267567404055,28337.365696948662,8.962087788296158
yz,cash,19090949.879782315,19090949.879782315,0.0,19090949.879782315,0.0
jx,cash,30272698.259011477,30272698.259011477,0.0,30272698.259011477,0.0
jx,601800.SH,4512.0,46202.88,11.018799187828877,-3513.9419354838974,-7.06791343188396
yz,600406.SH,43804.0,782339.44,18.046948812492253,-8189.105782410712,-1.035902602897875
yz,600038.SH,2867.0,127438.15000000001,41.339928299710785,8916.575564729195,7.523166653172398
jx,600522.SH,-35955.0,-293033.25,8.967183450061151,29381.83094694867,9.113044855300444
yz,cash,19071593.179782316,19071593.179782316,0.0,19071593.179782316,0.0
jx,cash,30277959.503661476,30277959.503661476,0.0,30277959.503661476,0.0
jx,601800.SH,4608.0,47416.31999999999,11.00470094086022,-3293.341935483899,-6.4945057998491516
yz,600406.SH,44736.0,797642.8799999999,18.04254081237506,-9508.225782410707,-1.1779982353110852
yz,600038.SH,2928.0,130998.72,41.412470777073366,9743.005564729188,8.035089818327892
jx,600522.SH,-36720.0,-300736.8,8.950685337607533,27932.3655969486,8.498626741031872
yz,cash,19052543.799782317,19052543.799782317,0.0,19052543.799782317,0.0
jx,cash,30283095.628361475,30283095.628361475,0.0,30283095.628361475,0.0
jx,601800.SH,4704.0,48168.96,10.99015772438008,-3528.741935483893,-6.825723007741397
yz,600406.SH,45668.0,801473.4,18.03259844491571,-22039.305782410665,-2.676255706518985
yz,600038.SH,2989.0,131456.22,41.466542132910945,7512.7255647291895,6.061411773937593
jx,600522.SH,-37485.0,-300629.7,8.931394699131616,34163.6302969486,10.204393936595688
yz,cash,19033257.14978232,19033257.14978232,0.0,19033257.14978232,0.0
jx,cash,30288348.270661473,30288348.270661473,0.0,30288348.270661473,0.0
jx,601800.SH,4800.0,49440.0,10.977396236559144,-3251.501935483895,-6.170827962856464
yz,600406.SH,46600.0,829480.0,18.028053772154735,-10627.305782410665,-1.264993853673635
yz,600038.SH,3050.0,134352.5,41.519850634515024,7716.955564729171,6.093830605887794
jx,600522.SH,-38250.0,-312885.0,8.916072486194734,28154.772596948605,8.255568663606514
yz,cash,19013912.30978232,19013912.30978232,0.0,19013912.30978232,0.0
jx,cash,30293530.287111472,30293530.287111472,0.0,30293530.287111472,0.0
jx,601800.SH,4896.0,49743.36,10.962390101201777,-3928.5019354839023,-7.319481370342892
yz,600406.SH,47532.0,848446.2000000001,18.024667714011837,-8302.305782410549,-0.9690481776596288
yz,600038.SH,3111.0,137630.64,41.57479409684051,8291.45556472917,6.4106292311428
jx,600522.SH,-39015.0,-314851.05,8.899196438471064,32351.09904694854,9.317655186107169
yz,cash,18994491.17978232,18994491.17978232,0.0,18994491.17978232,0.0
jx,cash,30298787.767061472,30298787.767061472,0.0,30298787.767061472,0.0
jx,601800.SH,4992.0,50768.64,10.948153432588922,-3884.541935483903,-7.107622645044645
yz,600406.SH,48464.0,870413.4400000001,18.02352727348982,-3078.7857824105304,-0.35246859577402406
yz,600038.SH,3172.0,138965.31999999998,41.619355118307325,6948.725564729131,5.263524327720911
jx,600522.SH,-39780.0,-325002.6,8.88489062335215,28438.348996948567,8.04613870510915
yz,cash,18975110.98978232,18975110.98978232,0.0,18975110.98978232,0.0
jx,cash,30304069.20936147,30304069.20936147,0.0,30304069.20936147,0.0
jx,601800.SH,5088.0,50880.0,10.9312464495841,-4738.181935483895,-8.519124089636914
yz,600406.SH,49396.0,885176.3200000001,18.021675151478068,-5022.345782410586,-0.564182578053671
yz,600038.SH,3233.0,141443.75,41.661102516322565,6753.405564729153,5.014023531564052
jx,600522.SH,-40545.0,-331658.1,8.871313140879234,28029.291296948562,7.792681082281339
yz,cash,18955863.10978232,18955863.10978232,0.0,18955863.10978232,0.0
jx,cash,30309376.45871147,30309376.45871147,0.0,30309376.45871147,0.0
jx,601800.SH,5184.0,51684.48,10.914410095579456,-4895.821935483895,-8.652873470110483
yz,600406.SH,50328.0,894831.8400000001,18.017299033985267,-11942.785782410414,-1.31706219415939
yz,600038.SH,3294.0,144013.68000000002,41.70074815885575,6651.415564729163,4.84224367738456
jx,600522.SH,-41310.0,-339155.10000000003,8.858793528127537,26801.660646948498,7.323723327195207
yz,cash,18936136.89978232,18936136.89978232,0.0,18936136.89978232,0.0
jx,cash,30314878.49386147,30314878.49386147,0.0,30314878.49386147,0.0
jx,601800.SH,5280.0,53697.6,10.901822336265889,-3864.021935483899,-6.712844088748515
yz,600406.SH,51260.0,931906.7999999999,18.020354775310388,8183.414217589423,0.8859161025416631
yz,600038.SH,3355.0,152484.75,41.77040668711501,12345.035564729129,8.80909142313914
jx,600522.SH,-42075.0,-357216.75,8.851814992203174,15223.36579694855,4.087466723173346
yz,cash,18916468.099782318,18916468.099782318,0.0,18916468.099782318,0.0
jx,cash,30320354.721961472,30320354.721961472,0.0,30320354.721961472,0.0
jx,601800.SH,5376.0,54835.2,10.890219854070665,-3710.6219354838977,-6.33797906120938
yz,600406.SH,52192.0,946762.88,18.02258709730247,6128.014217589516,0.6514764060433053
yz,600038.SH,3416.0,154129.91999999998,41.831684553650724,11232.885564729106,7.860824830355279
jx,600522.SH,-42840.0,-362426.4,8.844550511133253,16474.143896948546,4.347880773016018
yz,cash,18897040.80978232,18897040.80978232,0.0,18897040.80978232,0.0
jx,cash,30325783.213611472,30325783.213611472,0.0,30325783.213611472,0.0
jx,601800.SH,5472.0,55486.08,10.877971844934923,-4038.1819354838954,-6.7840940889963965
yz,600406.SH,53124.0,946669.68,18.01912705711939,-10578.425782410428,-1.1050871470530736
yz,600038.SH,3477.0,160115.85,41.90712810907991,14404.76556472914,9.88584061436188
jx,600522.SH,-43605.0,-365845.95,8.836314082030697,19461.525546948542,5.050907854648466
yz,cash,18877706.279782318,18877706.279782318,0.0,18877706.279782318,0.0
jx,cash,30331229.869961474,30331229.869961474,0.0,30331229.869961474,0.0
jx,601800.SH,5568.0,56292.479999999996,10.86562893956248,-4207.341935483892,-6.954304658897242
yz,600406.SH,54056.0,957331.76,18.013889776942623,-16427.065782410442,-1.686974777272121
yz,600038.SH,3538.0,163490.98,41.98272878328741,14956.085564729146,10.069072066595618
jx,600522.SH,-44370.0,-373151.7,8.828706150483402,18577.991896948544,4.742553929722492
yz,cash,18858612.479782317,18858612.479782317,0.0,18858612.479782317,0.0
jx,cash,30336604.902811475,30336604.902811475,0.0,30336604.902811475,0.0
jx,601800.SH,5664.0,56979.840000000004,10.852856980134867,-4490.7419354838785,-7.305513945186191
yz,600406.SH,54988.0,956791.2,18.00357579439897,-33189.425782410544,-3.352532859537526
yz,600038.SH,3599.0,169153.0,42.069156553284486,17746.105564729136,11.720804148925934
jx,600522.SH,-45135.0,-375071.85000000003,8.819662894581779,23003.634746948548,5.77871173392445
yz,cash,18839663.089782316,18839663.089782316,0.0,18839663.089782316,0.0
jx,cash,30341851.013361476,30341851.013361476,0.0,30341851.013361476,0.0
jx,601800.SH,5760.0,57427.200000000004,10.839010752688175,-5005.5019354838805,-8.017436023602533
yz,600406.SH,55920.0,963501.6,17.990772277940103,-42542.38578241062,-4.228680493460232
yz,600038.SH,3660.0,172861.8,42.156536730948325,18568.875564729125,12.034819893843649
jx,600522.SH,-45900.0,-373167.00000000006,8.807924080543541,31116.715296948503,7.696752087600933
yz,cash,18820525.979782317,18820525.979782317,0.0,18820525.979782317,0.0
jx,cash,30347184.916811477,30347184.916811477,0.0,30347184.916811477,0.0
jx,601800.SH,5856.0,59555.52,10.828897188436455,-3858.501935483888,-6.084619485907152
yz,600406.SH,56852.0,989224.7999999999,17.98117543415202,-33040.98578241083,-3.2321326060152042
yz,600038.SH,3721.0,177528.91,42.24892083721335,20320.675564729143,12.925961313493413
jx,600522.SH,-46665.0,-385919.55,8.798862932539345,24679.388746948563,6.010582692265172
yz,cash,18801378.499782316,18801378.499782316,0.0,18801378.499782316,0.0
jx,cash,30352513.135561477,30352513.135561477,0.0,30352513.135561477,0.0
jx,601800.SH,5952.0,59936.64,10.81749696496705,-4449.101935483886,-6.91007325805455
yz,600406.SH,57784.0,1005441.5999999999,17.971888165970007,-33045.985782411066,-3.1821262222902513
yz,600038.SH,3782.0,181082.16000000003,42.34106674650208,20948.24556472918,13.081704546226437
jx,600522.SH,-47430.0,-391297.5,8.789771821567543,25601.377496948582,6.140908234308203
yz,cash,18782327.269782316,18782327.269782316,0.0,18782327.269782316,0.0
jx,cash,30357796.49786148,30357796.49786148,0.0,30357796.49786148,0.0
jx,601800.SH,6048.0,60359.04,10.805030081925246,-4989.781935483887,-7.635611152118528
yz,600406.SH,58716.0,1015786.8,17.961308430111227,-38829.385782410856,-3.6818499759325864
yz,600038.SH,3843.0,183810.69,42.42949373803561,20754.145564729144,12.728189252758263
jx,600522.SH,-48195.0,-394235.1,8.779859317293258,28910.2197969486,6.832220148581938
yz,cash,18763259.569782317,18763259.569782317,0.0,18763259.569782317,0.0
jx,cash,30363202.137761477,30363202.137761477,0.0,30363202.137761477,0.0
jx,601800.SH,6144.0,61317.12,10.792952788978496,-4994.781935483879,-7.5322555826303965
yz,600406.SH,59648.0,1031910.4,17.951059310998037,-38834.38578241097,-3.626857333144428
yz,600038.SH,3904.0,187782.4,42.51937613608373,21786.75556472913,13.124895920522036
jx,600522.SH,-48960.0,-408326.39999999997,8.772754078777545,21187.639696948638,4.932932975112515
